{
    "maxX": 7413248.250362198,
    "maxY": 5948581.233347631,
    "minX": 7413046.152125607,
    "minY": 5948389.177466157,
    "resolutions": [
        0.5,
        0.25,
        0.125,
        0.0625,
        0.03125
    ],
    "tileSize": 512
}